-- SQLINES DEMO ***  nqz_visitor
-- SQLINES LICENSE FOR EVALUATION USE ONLY
INSERT INTO nqz_visitor (v_fname, v_mname, v_lname, v_stadd, v_city, v_state, v_country, v_email, v_telnum, v_type, v_bdate)
VALUES ('Michael', null, 'Smith', '250 Ashland Place', 'Burlington', 'Vermont', 'United States', 'ms@gmail.com', '(332)-234-6910', 'M', str_to_date( '1990-10-10' , '%Y-%m-%d' ));
-- SQLINES LICENSE FOR EVALUATION USE ONLY
INSERT INTO nqz_visitor (v_fname, v_mname, v_lname, v_stadd, v_city, v_state, v_country, v_email, v_telnum, v_type, v_bdate)
VALUES ('Richard', null, 'Brown', '220 Ashland Place', 'Birmingham', 'Alabama', 'United States', 'rb@gmail.com', '(332)-234-6911', 'S', str_to_date( '2004-11-11' , '%Y-%m-%d' ));
-- SQLINES LICENSE FOR EVALUATION USE ONLY
INSERT INTO nqz_visitor (v_fname, v_mname, v_lname, v_stadd, v_city, v_state, v_country, v_email, v_telnum, v_type, v_bdate)
VALUES ('George', 'Harris', 'Wilson', '130 Fulton Street', 'Phoenix', 'Arizona', 'United States', 'ghw@gmail.com', '(332)-234-6912', 'I', str_to_date( '1991-02-01' , '%Y-%m-%d' ));
-- SQLINES LICENSE FOR EVALUATION USE ONLY
INSERT INTO nqz_visitor (v_fname, v_mname, v_lname, v_stadd, v_city, v_state, v_country, v_email, v_telnum, v_type, v_bdate)
VALUES ('Lisa', 'Moore', 'Lewis', '140 Fulton Street', 'Little Rock', 'Arkansas', 'United States', 'lml@gmail.com', '(332)-234-6913', 'S', str_to_date( '1996-07-17' , '%Y-%m-%d' ));
-- SQLINES LICENSE FOR EVALUATION USE ONLY
INSERT INTO nqz_visitor (v_fname, v_mname, v_lname, v_stadd, v_city, v_state, v_country, v_email, v_telnum, v_type, v_bdate)
VALUES ('Steven', null, 'Johnson', '310 Clark Street', 'Angus', 'Scotland', 'United Kingdom', 'sj@gmail.com', '(332)-234-6914', 'I', str_to_date( '1962-08-29' , '%Y-%m-%d' ));
-- SQLINES LICENSE FOR EVALUATION USE ONLY
INSERT INTO nqz_visitor (v_fname, v_mname, v_lname, v_stadd, v_city, v_state, v_country, v_email, v_telnum, v_type, v_bdate)
VALUES ('Mary', null, 'Cooper', '320 Clark Street', 'Los Angeles', 'California', 'United States', 'mc@gmail.com', '(332)-234-6915', 'G', str_to_date( '2001-05-14' , '%Y-%m-%d' ));  
-- SQLINES LICENSE FOR EVALUATION USE ONLY
INSERT INTO nqz_visitor (v_fname, v_mname, v_lname, v_stadd, v_city, v_state, v_country, v_email, v_telnum, v_type, v_bdate)
VALUES ('Betty', 'Edwards', 'Green', '69 Hanson Place', 'Los Angeles', 'California', 'United States', 'beg@gmail.com', '(332)-234-6916', 'G', str_to_date( '2017-12-21' , '%Y-%m-%d' ));  
-- SQLINES LICENSE FOR EVALUATION USE ONLY
INSERT INTO nqz_visitor (v_fname, v_mname, v_lname, v_stadd, v_city, v_state, v_country, v_email, v_telnum, v_type, v_bdate)
VALUES ('Jeffery', 'Butler', 'Martin', '73 Hanson Place', 'San Francisco', 'California', 'United States', 'jbm@gmail.com', '(332)-234-6917', 'G', str_to_date( '1999-06-26' , '%Y-%m-%d' ));  
-- SQLINES LICENSE FOR EVALUATION USE ONLY
INSERT INTO nqz_visitor (v_fname, v_mname, v_lname, v_stadd, v_city, v_state, v_country, v_email, v_telnum, v_type, v_bdate)
VALUES ('Henry', 'Mason', 'Morgan', '176 Clinton Street', 'Atlanta', 'Georgia', 'United States', 'hmm@gmail.com', '(332)-234-6918', 'G', str_to_date( '2000-07-23' , '%Y-%m-%d' ));
-- SQLINES LICENSE FOR EVALUATION USE ONLY
INSERT INTO nqz_visitor (v_fname, v_mname, v_lname, v_stadd, v_city, v_state, v_country, v_email, v_telnum, v_type, v_bdate)
VALUES ('Kathryn', null, 'Clark', '189 Clinton Street', 'London', 'England', 'United Kingdom', 'kc@gmail.com', '(332)-234-6919', 'M', str_to_date( '1961-01-09' , '%Y-%m-%d' ));
-- SQLINES LICENSE FOR EVALUATION USE ONLY
INSERT INTO nqz_visitor (v_fname, v_mname, v_lname, v_stadd, v_city, v_state, v_country, v_email, v_telnum, v_type, v_bdate)
VALUES ('Jimmy', null, 'Bennett', '238 Carlton Avenue', 'Seattle', 'Washington', 'United States', 'jb@gmail.com', '(332)-234-6921', 'S', str_to_date( '2017-04-10' , '%Y-%m-%d' ));  
-- SQLINES LICENSE FOR EVALUATION USE ONLY
INSERT INTO nqz_visitor (v_fname, v_mname, v_lname, v_stadd, v_city, v_state, v_country, v_email, v_telnum, v_type, v_bdate)
VALUES ('Earl', null, 'Bennett', '238 Carlton Avenue', 'Seattle', 'Washington', 'United States', 'eb@gmail.com', '(332)-234-6922', 'I', str_to_date( '1986-05-09' , '%Y-%m-%d' ));
-- SQLINES LICENSE FOR EVALUATION USE ONLY
INSERT INTO nqz_visitor (v_fname, v_mname, v_lname, v_stadd, v_city, v_state, v_country, v_email, v_telnum, v_type, v_bdate)
VALUES ('Lilac', null, 'White', '45 Pearl Street', 'Philadelphia', 'Pennsylvania', 'United States', 'lw@gmail.com', '(332)-234-6923', 'I', str_to_date( '1961-09-25' , '%Y-%m-%d' ));  
-- SQLINES LICENSE FOR EVALUATION USE ONLY
INSERT INTO nqz_visitor (v_fname, v_mname, v_lname, v_stadd, v_city, v_state, v_country, v_email, v_telnum, v_type, v_bdate)
VALUES ('Chris', null, 'Hunter', '12 Pearl Street', 'Houston', 'Texas', 'United States', 'ch@gmail.com', '(332)-234-6924', 'M', str_to_date( '1987-09-13' , '%Y-%m-%d' ));
 
-- SQLINES DEMO ***  nqz_individual
-- SQLINES LICENSE FOR EVALUATION USE ONLY
INSERT INTO nqz_individual (v_id, i_times_visit) VALUES (11213, 0);
-- SQLINES LICENSE FOR EVALUATION USE ONLY
INSERT INTO nqz_individual (v_id, i_times_visit) VALUES (11215, 1);
-- SQLINES LICENSE FOR EVALUATION USE ONLY
INSERT INTO nqz_individual (v_id, i_times_visit) VALUES (11222, 2);  
-- SQLINES LICENSE FOR EVALUATION USE ONLY
INSERT INTO nqz_individual (v_id, i_times_visit) VALUES (11223, 0);
 
-- SQLINES DEMO ***  nqz_group
-- SQLINES LICENSE FOR EVALUATION USE ONLY
INSERT INTO nqz_group (v_id, g_size) VALUES (11216, 4);
-- SQLINES LICENSE FOR EVALUATION USE ONLY
INSERT INTO nqz_group (v_id, g_size) VALUES (11217, 4);
-- SQLINES LICENSE FOR EVALUATION USE ONLY
INSERT INTO nqz_group (v_id, g_size) VALUES (11218, 4);
-- SQLINES LICENSE FOR EVALUATION USE ONLY
INSERT INTO nqz_group (v_id, g_size) VALUES (11219, 4);
 
-- SQLINES DEMO ***  nqz_member
-- SQLINES LICENSE FOR EVALUATION USE ONLY
INSERT INTO nqz_member (v_id, m_startdate, m_enddate, m_num_purchased) VALUES (11211, str_to_date( '2022-03-20' , '%Y-%m-%d' ), str_to_date( '2024-03-20' , '%Y-%m-%d' ), 1);
-- SQLINES LICENSE FOR EVALUATION USE ONLY
INSERT INTO nqz_member (v_id, m_startdate, m_enddate, m_num_purchased) VALUES (11220, str_to_date( '2022-01-06' , '%Y-%m-%d' ), str_to_date( '2024-01-06' , '%Y-%m-%d' ), 1);
-- SQLINES LICENSE FOR EVALUATION USE ONLY
INSERT INTO nqz_member (v_id, m_startdate, m_enddate, m_num_purchased) VALUES (11224, str_to_date( '2022-02-28' , '%Y-%m-%d' ), str_to_date( '2024-02-28' , '%Y-%m-%d' ), 0);
 
-- SQLINES DEMO ***  nqz_student
-- SQLINES LICENSE FOR EVALUATION USE ONLY
INSERT INTO nqz_student (v_id, stu_school) VALUES (11212, 'The University of Alabama at Birmingham');
-- SQLINES LICENSE FOR EVALUATION USE ONLY
INSERT INTO nqz_student (v_id, stu_school) VALUES (11214, 'Arkansas Baptist College');
-- SQLINES LICENSE FOR EVALUATION USE ONLY
INSERT INTO nqz_student (v_id, stu_school) VALUES (11221, 'Ordway Elementary School');
 
-- SQLINES DEMO ***  nqz_att_type
-- SQLINES LICENSE FOR EVALUATION USE ONLY
INSERT INTO nqz_att_type (atttype_id, atttype_name) VALUES (1321, 'roller coaster');
-- SQLINES LICENSE FOR EVALUATION USE ONLY
INSERT INTO nqz_att_type (atttype_id, atttype_name) VALUES (1322, 'water ride');
-- SQLINES LICENSE FOR EVALUATION USE ONLY
INSERT INTO nqz_att_type (atttype_id, atttype_name) VALUES (1323, 'dark ride');  
-- SQLINES LICENSE FOR EVALUATION USE ONLY
INSERT INTO nqz_att_type (atttype_id, atttype_name) VALUES (1324, 'kid ride');  
-- SQLINES LICENSE FOR EVALUATION USE ONLY
INSERT INTO nqz_att_type (atttype_id, atttype_name) VALUES (1325, 'vr ride');
 
-- SQLINES DEMO ***  nqz_location_section
-- SQLINES LICENSE FOR EVALUATION USE ONLY
INSERT INTO nqz_location_section (ls_id, ls_name) VALUES (1101, 'Lot A');
-- SQLINES LICENSE FOR EVALUATION USE ONLY
INSERT INTO nqz_location_section (ls_id, ls_name) VALUES (1102, 'Lot B');
-- SQLINES LICENSE FOR EVALUATION USE ONLY
INSERT INTO nqz_location_section (ls_id, ls_name) VALUES (1103, 'Lot C');
-- SQLINES LICENSE FOR EVALUATION USE ONLY
INSERT INTO nqz_location_section (ls_id, ls_name) VALUES (1104, 'Lot D');
 
-- SQLINES DEMO ***  nqz_attraction
-- SQLINES LICENSE FOR EVALUATION USE ONLY
INSERT INTO nqz_attraction (att_name, att_description, att_status, att_capacity, att_minimum_height, att_duration_time, atttype_id, ls_id)
VALUES ('Avatar Flight', 'Climb atop a winged mountain banshee for a flight over Pandora landscape', 'open', 20, 112, 20, 1325, 1101);  
-- SQLINES LICENSE FOR EVALUATION USE ONLY
INSERT INTO nqz_attraction (att_name, att_description, att_status, att_capacity, att_minimum_height, att_duration_time, atttype_id, ls_id)
VALUES ('Mystical River', 'Take a mystical journey by boat deep into rainforest', 'open', 12, null, 30, 1322, 1101);
-- SQLINES LICENSE FOR EVALUATION USE ONLY
INSERT INTO nqz_attraction (att_name, att_description, att_status, att_capacity, att_minimum_height, att_duration_time, atttype_id, ls_id)
VALUES ('Mine Train', 'Race through the diamond mine from Snow White and Seven Dwarfs', 'open', 18, 97, 20, 1321, 1102);  
-- SQLINES LICENSE FOR EVALUATION USE ONLY
INSERT INTO nqz_attraction (att_name, att_description, att_status, att_capacity, att_minimum_height, att_duration_time, atttype_id, ls_id)
VALUES ('Runaway Railway', 'Zany adventure through cartoon scenes in Mickey & Minnie', 'open', 4, null, 20, 1324, 1103);
-- SQLINES LICENSE FOR EVALUATION USE ONLY
INSERT INTO nqz_attraction (att_name, att_description, att_status, att_capacity, att_minimum_height, att_duration_time, atttype_id, ls_id)
VALUES ('Space Mountain', 'Blast off an rip-roaring rocket into the outer space', 'under maintenance', 12, 112, 15, 1321, 1102);  
-- SQLINES LICENSE FOR EVALUATION USE ONLY
INSERT INTO nqz_attraction (att_name, att_description, att_status, att_capacity, att_minimum_height, att_duration_time, atttype_id, ls_id)
VALUES ('Tower of Terror', 'Hurtle up and down aboard a haunted elevator-style lift', 'closed', 16, 102, 25, 1323, 1103);  
-- SQLINES LICENSE FOR EVALUATION USE ONLY
INSERT INTO nqz_attraction (att_name, att_description, att_status, att_capacity, att_minimum_height, att_duration_time, atttype_id, ls_id)
VALUES ('Soaring World', 'Take flight on a breezy adventure as gliding in the air', 'open', 4, 102, 15, 1325, 1104);
-- SQLINES LICENSE FOR EVALUATION USE ONLY
INSERT INTO nqz_attraction (att_name, att_description, att_status, att_capacity, att_minimum_height, att_duration_time, atttype_id, ls_id)
VALUES ('Spaceship Carousel', 'Take a slow-pace spinning trip in fantastic spaceships', 'under maintenance', 20, 102, 8, 1324, 1104);  
-- SQLINES LICENSE FOR EVALUATION USE ONLY
INSERT INTO nqz_attraction (att_name, att_description, att_status, att_capacity, att_minimum_height, att_duration_time, atttype_id, ls_id)
VALUES ('Smugglers Run', 'Fly the Millennium Falcon on an interactive smuggling mission', 'open', 4, 97, 25, 1323, 1103);
-- SQLINES LICENSE FOR EVALUATION USE ONLY
INSERT INTO nqz_attraction (att_name, att_description, att_status, att_capacity, att_minimum_height, att_duration_time, atttype_id, ls_id)
VALUES ('Kilimanjaro Safaris', 'Set off in an open-air vehicle for a guided tour of a lush Africa savanna', 'open', 6, null, 30, 1322, 1101);  
-- SQLINES LICENSE FOR EVALUATION USE ONLY
INSERT INTO nqz_attraction (att_name, att_description, att_status, att_capacity, att_minimum_height, att_duration_time, atttype_id, ls_id)
VALUES ('Thunder Mountain', 'Race through a haunted gold mine aboard a speeding train', 'closed', 20, 102, 20, 1321, 1102);
-- SQLINES LICENSE FOR EVALUATION USE ONLY
INSERT INTO nqz_attraction (att_name, att_description, att_status, att_capacity, att_minimum_height, att_duration_time, atttype_id, ls_id)
VALUES ('Mad Tea Party', 'Spin round and round in a giant teacup during music', 'open', 4, null, 10, 1324, 1102);
 
-- SQLINES DEMO ***  nqz_sh_type
-- SQLINES LICENSE FOR EVALUATION USE ONLY
INSERT INTO nqz_sh_type (shtype_name) VALUES ('drama');  
-- SQLINES LICENSE FOR EVALUATION USE ONLY
INSERT INTO nqz_sh_type (shtype_name)  VALUES ('musical');
-- SQLINES LICENSE FOR EVALUATION USE ONLY
INSERT INTO nqz_sh_type (shtype_name)  VALUES ('comedy');
-- SQLINES LICENSE FOR EVALUATION USE ONLY
INSERT INTO nqz_sh_type (shtype_name)  VALUES ('horror');
-- SQLINES LICENSE FOR EVALUATION USE ONLY
INSERT INTO nqz_sh_type (shtype_name)  VALUES ('adventure');
 
-- SQLINES DEMO ***  nqz_show
-- SQLINES LICENSE FOR EVALUATION USE ONLY
INSERT INTO nqz_show (sh_name, sh_description, sh_start_time, sh_end_time, sh_wheelchair_acc, sh_price, shtype_id)
VALUES ('Frozen', 'Fearless Anna starts her journey to find her sister Elsa', str_to_date( '2023-04-01 10:30:00' , '%Y-%m-%d %H:%i:%s' ), str_to_date( '2023-04-01 11:15:00' , '%Y-%m-%d %H:%i:%s' ), '1', 20, 3742);
-- SQLINES LICENSE FOR EVALUATION USE ONLY
INSERT INTO nqz_show (sh_name, sh_description, sh_start_time, sh_end_time, sh_wheelchair_acc, sh_price, shtype_id)
VALUES ('Snow White', 'Happy life of princess with seven dwarfs', str_to_date( '2023-04-01 11:00:00' , '%Y-%m-%d %H:%i:%s' ), str_to_date( '2023-04-01 11:30:00' , '%Y-%m-%d %H:%i:%s' ), '1', 15, 3741);
-- SQLINES LICENSE FOR EVALUATION USE ONLY
INSERT INTO nqz_show (sh_name, sh_description, sh_start_time, sh_end_time, sh_wheelchair_acc, sh_price, shtype_id)
VALUES ('Avatar', 'Fight story of Sully family for survival', str_to_date( '2023-04-01 09:45:00' , '%Y-%m-%d %H:%i:%s' ), str_to_date( '2023-04-01 10:45:00' , '%Y-%m-%d %H:%i:%s' ), '0', 20, 3745);
-- SQLINES LICENSE FOR EVALUATION USE ONLY
INSERT INTO nqz_show (sh_name, sh_description, sh_start_time, sh_end_time, sh_wheelchair_acc, sh_price, shtype_id)
VALUES ('Beanstalk Trip', 'Fantastic world on the top of a giant beanstalk', str_to_date( '2023-04-01 12:30:00' , '%Y-%m-%d %H:%i:%s' ), str_to_date( '2023-04-01 12:55:00' , '%Y-%m-%d %H:%i:%s' ), '0', 25, 3745);  
-- SQLINES LICENSE FOR EVALUATION USE ONLY
INSERT INTO nqz_show (sh_name, sh_description, sh_start_time, sh_end_time, sh_wheelchair_acc, sh_price, shtype_id)
VALUES ('Onward', 'One magical day of elf brothers with dead father', str_to_date( '2023-04-01 13:15:00' , '%Y-%m-%d %H:%i:%s' ), str_to_date( '2023-04-01 14:00:00' , '%Y-%m-%d %H:%i:%s' ), '1', 20, 3742);
-- SQLINES LICENSE FOR EVALUATION USE ONLY
INSERT INTO nqz_show (sh_name, sh_description, sh_start_time, sh_end_time, sh_wheelchair_acc, sh_price, shtype_id)
VALUES ('Dark Magic', 'Peaceful magic world crashed by horrible dark magic', str_to_date( '2023-04-01 14:00:00' , '%Y-%m-%d %H:%i:%s' ), str_to_date( '2023-04-01 14:45:00' , '%Y-%m-%d %H:%i:%s' ), '1', 25, 3744);
-- SQLINES LICENSE FOR EVALUATION USE ONLY
INSERT INTO nqz_show (sh_name, sh_description, sh_start_time, sh_end_time, sh_wheelchair_acc, sh_price, shtype_id)
VALUES ('Cloned Robot', 'Battle of humans and awakened cloned robots', str_to_date( '2023-04-01 14:15:00' , '%Y-%m-%d %H:%i:%s' ), str_to_date( '2023-04-01 15:00:00' , '%Y-%m-%d %H:%i:%s' ), '1', 25, 3744);
-- SQLINES LICENSE FOR EVALUATION USE ONLY
INSERT INTO nqz_show (sh_name, sh_description, sh_start_time, sh_end_time, sh_wheelchair_acc, sh_price, shtype_id)
VALUES ('West Cowboy', 'Daily life of being a cowboy with fierce wild horse riding', str_to_date( '2023-04-01 15:00:00' , '%Y-%m-%d %H:%i:%s' ), str_to_date( '2023-04-01 15:45:00' , '%Y-%m-%d %H:%i:%s' ), '0', 25, 3741);  
-- SQLINES LICENSE FOR EVALUATION USE ONLY
INSERT INTO nqz_show (sh_name, sh_description, sh_start_time, sh_end_time, sh_wheelchair_acc, sh_price, shtype_id)
VALUES ('Dumb Knight', 'Quest of knight to find the cure for speaking again', str_to_date( '2023-04-01 15:30:00' , '%Y-%m-%d %H:%i:%s' ), str_to_date( '2023-04-01 16:00:00' , '%Y-%m-%d %H:%i:%s' ), '1', 20, 3743);
-- SQLINES LICENSE FOR EVALUATION USE ONLY
INSERT INTO nqz_show (sh_name, sh_description, sh_start_time, sh_end_time, sh_wheelchair_acc, sh_price, shtype_id)
VALUES ('Vampire Origin', 'Ancient curse about the birth of the first vampire', str_to_date( '2023-04-01 16:15:00' , '%Y-%m-%d %H:%i:%s' ), str_to_date( '2023-04-01 17:00:00' , '%Y-%m-%d %H:%i:%s' ), '1', 20, 3744);  
-- SQLINES LICENSE FOR EVALUATION USE ONLY
INSERT INTO nqz_show (sh_name, sh_description, sh_start_time, sh_end_time, sh_wheelchair_acc, sh_price, shtype_id)
VALUES ('Christmas Wish', 'Dream of little girl being a reindeer comes true', str_to_date( '2023-04-01 17:45:00' , '%Y-%m-%d %H:%i:%s' ), str_to_date( '2023-04-01 18:15:00' , '%Y-%m-%d %H:%i:%s' ), '1', 15, 3743);  
 
-- SQLINES DEMO ***  nqz_parking_lot
-- SQLINES LICENSE FOR EVALUATION USE ONLY
INSERT INTO nqz_parking_lot (pl_name) VALUES ('Parking Lot A');
-- SQLINES LICENSE FOR EVALUATION USE ONLY
INSERT INTO nqz_parking_lot (pl_name) VALUES ('Parking Lot B');
-- SQLINES LICENSE FOR EVALUATION USE ONLY
INSERT INTO nqz_parking_lot (pl_name) VALUES ('Parking Lot C');
-- SQLINES LICENSE FOR EVALUATION USE ONLY
INSERT INTO nqz_parking_lot (pl_name) VALUES ('Premium Lot');
 
-- SQLINES DEMO ***  nqz_parking
-- SQLINES LICENSE FOR EVALUATION USE ONLY
INSERT INTO nqz_parking (park_time_in, park_time_out, park_fee, park_spotno, pl_id)
VALUES (str_to_date( '2023-01-18 10:27:00' , '%Y-%m-%d %H:%i:%s' ), str_to_date( '2023-01-18 17:16:00' , '%Y-%m-%d %H:%i:%s' ), 10, 1023, 2411);  
-- SQLINES LICENSE FOR EVALUATION USE ONLY
INSERT INTO nqz_parking (park_time_in, park_time_out, park_fee, park_spotno, pl_id)
VALUES (str_to_date( '2023-02-23 11:27:00' , '%Y-%m-%d %H:%i:%s' ), str_to_date( '2023-02-23 15:16:00' , '%Y-%m-%d %H:%i:%s' ), 10, 4009, 2410);
-- SQLINES LICENSE FOR EVALUATION USE ONLY
INSERT INTO nqz_parking (park_time_in, park_time_out, park_fee, park_spotno, pl_id)
VALUES (str_to_date( '2023-02-28 12:27:00' , '%Y-%m-%d %H:%i:%s' ), str_to_date( '2023-02-28 16:16:00' , '%Y-%m-%d %H:%i:%s' ), 15, 2147, 2413);
-- SQLINES LICENSE FOR EVALUATION USE ONLY
INSERT INTO nqz_parking (park_time_in, park_time_out, park_fee, park_spotno, pl_id)
VALUES (str_to_date( '2023-01-01 10:37:00' , '%Y-%m-%d %H:%i:%s' ), str_to_date( '2023-01-01 17:56:00' , '%Y-%m-%d %H:%i:%s' ), 10, 1083, 2412);
-- SQLINES LICENSE FOR EVALUATION USE ONLY
INSERT INTO nqz_parking (park_time_in, park_time_out, park_fee, park_spotno, pl_id)
VALUES (str_to_date( '2023-01-31 11:37:00' , '%Y-%m-%d %H:%i:%s' ), str_to_date( '2023-01-31 15:56:00' , '%Y-%m-%d %H:%i:%s' ), 15, 2134, 2413);
 
-- SQLINES DEMO ***  nqz_tkt_type
-- SQLINES LICENSE FOR EVALUATION USE ONLY
INSERT INTO nqz_tkt_type (tkttype_name) VALUES ('child');
-- SQLINES LICENSE FOR EVALUATION USE ONLY
INSERT INTO nqz_tkt_type (tkttype_name) VALUES ('adult');
-- SQLINES LICENSE FOR EVALUATION USE ONLY
INSERT INTO nqz_tkt_type (tkttype_name) VALUES ('senior');
 
-- SQLINES DEMO ***  nqz_ticket
-- SQLINES LICENSE FOR EVALUATION USE ONLY
INSERT INTO nqz_ticket (tkt_online, tkt_visit_date, tkt_price, tkt_discount, tkt_ispaid, tkttype_id) VALUES ('1', str_to_date( '2023-12-5' , '%Y-%m-%d' ), 100, 0, '1', 3302);  
-- SQLINES LICENSE FOR EVALUATION USE ONLY
INSERT INTO nqz_ticket (tkt_online, tkt_visit_date, tkt_price, tkt_discount, tkt_ispaid, tkttype_id) VALUES ('1', str_to_date( '2023-12-12' , '%Y-%m-%d' ), 100, 0, '1', 3302);  
-- SQLINES LICENSE FOR EVALUATION USE ONLY
INSERT INTO nqz_ticket (tkt_online, tkt_visit_date, tkt_price, tkt_discount, tkt_ispaid, tkttype_id) VALUES ('1', str_to_date( '2023-12-15' , '%Y-%m-%d' ), 100, 0, '0', 3302);  
-- SQLINES LICENSE FOR EVALUATION USE ONLY
INSERT INTO nqz_ticket (tkt_online, tkt_visit_date, tkt_price, tkt_discount, tkt_ispaid, tkttype_id) VALUES ('1', str_to_date( '2023-12-15' , '%Y-%m-%d' ), 100, 0, '0', 3302);
-- SQLINES LICENSE FOR EVALUATION USE ONLY
INSERT INTO nqz_ticket (tkt_online, tkt_visit_date, tkt_price, tkt_discount, tkt_ispaid, tkttype_id) VALUES ('1', str_to_date( '2023-12-15' , '%Y-%m-%d' ), 100, 0, '0', 3302);
-- SQLINES LICENSE FOR EVALUATION USE ONLY
INSERT INTO nqz_ticket (tkt_online, tkt_visit_date, tkt_price, tkt_discount, tkt_ispaid, tkttype_id) VALUES ('1', str_to_date( '2023-12-15' , '%Y-%m-%d' ), 100, 0, '0', 3302);
-- SQLINES LICENSE FOR EVALUATION USE ONLY
INSERT INTO nqz_ticket (tkt_online, tkt_visit_date, tkt_price, tkt_discount, tkt_ispaid, tkttype_id) VALUES ('1', str_to_date( '2023-12-20' , '%Y-%m-%d' ), 100, 0, '1', 3302);  
-- SQLINES LICENSE FOR EVALUATION USE ONLY
INSERT INTO nqz_ticket (tkt_online, tkt_visit_date, tkt_price, tkt_discount, tkt_ispaid, tkttype_id) VALUES ('1', str_to_date( '2023-12-20' , '%Y-%m-%d' ), 100, 0, '0', 3302);
-- SQLINES LICENSE FOR EVALUATION USE ONLY
INSERT INTO nqz_ticket (tkt_online, tkt_visit_date, tkt_price, tkt_discount, tkt_ispaid, tkttype_id) VALUES ('1', str_to_date( '2023-12-24' , '%Y-%m-%d' ), 100, 0, '0', 3302);
-- SQLINES LICENSE FOR EVALUATION USE ONLY
INSERT INTO nqz_ticket (tkt_online, tkt_visit_date, tkt_price, tkt_discount, tkt_ispaid, tkttype_id) VALUES ('0', str_to_date( '2023-01-18' , '%Y-%m-%d' ), 100, 0, '1', 3302);
-- SQLINES LICENSE FOR EVALUATION USE ONLY
INSERT INTO nqz_ticket (tkt_online, tkt_visit_date, tkt_price, tkt_discount, tkt_ispaid, tkttype_id) VALUES ('1', str_to_date( '2023-02-23' , '%Y-%m-%d' ), 100, 0, '1', 3302);
-- SQLINES LICENSE FOR EVALUATION USE ONLY
INSERT INTO nqz_ticket (tkt_online, tkt_visit_date, tkt_price, tkt_discount, tkt_ispaid, tkttype_id) VALUES ('0', str_to_date( '2023-02-28' , '%Y-%m-%d' ), 100, 0, '1', 3302);
-- SQLINES LICENSE FOR EVALUATION USE ONLY
INSERT INTO nqz_ticket (tkt_online, tkt_visit_date, tkt_price, tkt_discount, tkt_ispaid, tkttype_id) VALUES ('1', str_to_date( '2023-01-01' , '%Y-%m-%d' ), 100, 0, '1', 3302);
-- SQLINES LICENSE FOR EVALUATION USE ONLY
INSERT INTO nqz_ticket (tkt_online, tkt_visit_date, tkt_price, tkt_discount, tkt_ispaid, tkttype_id) VALUES ('0', str_to_date( '2023-01-31' , '%Y-%m-%d' ), 100, 0, '1', 3302);
 
-- SQLINES DEMO *** nqz_tkt_att
-- SQLINES LICENSE FOR EVALUATION USE ONLY
INSERT INTO nqz_tkt_att (tkt_id, att_id, tkt_att_time) VALUES (41229, 32721, str_to_date( '2023-01-18 11:15:00' , '%Y-%m-%d %H:%i:%s' ));
-- SQLINES LICENSE FOR EVALUATION USE ONLY
INSERT INTO nqz_tkt_att (tkt_id, att_id, tkt_att_time) VALUES (41229, 32723, str_to_date( '2023-01-18 13:36:00' , '%Y-%m-%d %H:%i:%s' ));
-- SQLINES LICENSE FOR EVALUATION USE ONLY
INSERT INTO nqz_tkt_att (tkt_id, att_id, tkt_att_time) VALUES (41229, 32729, str_to_date( '2023-01-18 15:13:00' , '%Y-%m-%d %H:%i:%s' ));
-- SQLINES LICENSE FOR EVALUATION USE ONLY
INSERT INTO nqz_tkt_att (tkt_id, att_id, tkt_att_time) VALUES (41229, 32720, str_to_date( '2023-01-18 16:08:00' , '%Y-%m-%d %H:%i:%s' ));
-- SQLINES LICENSE FOR EVALUATION USE ONLY
INSERT INTO nqz_tkt_att (tkt_id, att_id, tkt_att_time) VALUES (41230, 32722, str_to_date( '2023-02-23 11:45:00' , '%Y-%m-%d %H:%i:%s' ));
-- SQLINES LICENSE FOR EVALUATION USE ONLY
INSERT INTO nqz_tkt_att (tkt_id, att_id, tkt_att_time) VALUES (41230, 32726, str_to_date( '2023-02-23 13:04:00' , '%Y-%m-%d %H:%i:%s' ));
-- SQLINES LICENSE FOR EVALUATION USE ONLY
INSERT INTO nqz_tkt_att (tkt_id, att_id, tkt_att_time) VALUES (41230, 32721, str_to_date( '2023-02-23 14:15:00' , '%Y-%m-%d %H:%i:%s' ));
-- SQLINES LICENSE FOR EVALUATION USE ONLY
INSERT INTO nqz_tkt_att (tkt_id, att_id, tkt_att_time) VALUES (41231, 32728, str_to_date( '2023-02-28 12:51:00' , '%Y-%m-%d %H:%i:%s' ));
-- SQLINES LICENSE FOR EVALUATION USE ONLY
INSERT INTO nqz_tkt_att (tkt_id, att_id, tkt_att_time) VALUES (41231, 32731, str_to_date( '2023-02-28 13:43:00' , '%Y-%m-%d %H:%i:%s' ));
-- SQLINES LICENSE FOR EVALUATION USE ONLY
INSERT INTO nqz_tkt_att (tkt_id, att_id, tkt_att_time) VALUES (41231, 32722, str_to_date( '2023-02-28 14:20:00' , '%Y-%m-%d %H:%i:%s' ));
-- SQLINES LICENSE FOR EVALUATION USE ONLY
INSERT INTO nqz_tkt_att (tkt_id, att_id, tkt_att_time) VALUES (41232, 32726, str_to_date( '2023-01-01 10:58:00' , '%Y-%m-%d %H:%i:%s' ));
-- SQLINES LICENSE FOR EVALUATION USE ONLY
INSERT INTO nqz_tkt_att (tkt_id, att_id, tkt_att_time) VALUES (41232, 32729, str_to_date( '2023-01-01 12:12:00' , '%Y-%m-%d %H:%i:%s' ));
-- SQLINES LICENSE FOR EVALUATION USE ONLY
INSERT INTO nqz_tkt_att (tkt_id, att_id, tkt_att_time) VALUES (41232, 32731, str_to_date( '2023-01-01 14:32:00' , '%Y-%m-%d %H:%i:%s' ));
-- SQLINES LICENSE FOR EVALUATION USE ONLY
INSERT INTO nqz_tkt_att (tkt_id, att_id, tkt_att_time) VALUES (41232, 32726, str_to_date( '2023-01-01 16:27:00' , '%Y-%m-%d %H:%i:%s' ));
-- SQLINES LICENSE FOR EVALUATION USE ONLY
INSERT INTO nqz_tkt_att (tkt_id, att_id, tkt_att_time) VALUES (41233, 32723, str_to_date( '2023-01-31 12:05:00' , '%Y-%m-%d %H:%i:%s' ));
-- SQLINES LICENSE FOR EVALUATION USE ONLY
INSERT INTO nqz_tkt_att (tkt_id, att_id, tkt_att_time) VALUES (41233, 32731, str_to_date( '2023-01-31 12:56:00' , '%Y-%m-%d %H:%i:%s' ));
-- SQLINES LICENSE FOR EVALUATION USE ONLY
INSERT INTO nqz_tkt_att (tkt_id, att_id, tkt_att_time) VALUES (41233, 32728, str_to_date( '2023-01-31 13:24:00' , '%Y-%m-%d %H:%i:%s' ));
-- SQLINES LICENSE FOR EVALUATION USE ONLY
INSERT INTO nqz_tkt_att (tkt_id, att_id, tkt_att_time) VALUES (41233, 32722, str_to_date( '2023-01-31 14:37:00' , '%Y-%m-%d %H:%i:%s' ));
-- SQLINES LICENSE FOR EVALUATION USE ONLY
INSERT INTO nqz_tkt_att (tkt_id, att_id, tkt_att_time) VALUES (41233, 32721, str_to_date( '2023-01-31 15:15:00' , '%Y-%m-%d %H:%i:%s' ));
 
-- SQLINES DEMO ***  nqz_menu_item
-- SQLINES LICENSE FOR EVALUATION USE ONLY
INSERT INTO nqz_menu_item (mi_name, mi_unit_price) VALUES ('original coke', 2);
-- SQLINES LICENSE FOR EVALUATION USE ONLY
INSERT INTO nqz_menu_item (mi_name, mi_unit_price) VALUES ('diet coke', 2);  
-- SQLINES LICENSE FOR EVALUATION USE ONLY
INSERT INTO nqz_menu_item (mi_name, mi_unit_price) VALUES ('vanilla ice cream', 4);  
-- SQLINES LICENSE FOR EVALUATION USE ONLY
INSERT INTO nqz_menu_item (mi_name, mi_unit_price) VALUES ('matcha ice cream', 5);  
-- SQLINES LICENSE FOR EVALUATION USE ONLY
INSERT INTO nqz_menu_item (mi_name, mi_unit_price) VALUES ('chocolate ice cream', 5);  
-- SQLINES LICENSE FOR EVALUATION USE ONLY
INSERT INTO nqz_menu_item (mi_name, mi_unit_price) VALUES ('sirloin steak', 18);  
-- SQLINES LICENSE FOR EVALUATION USE ONLY
INSERT INTO nqz_menu_item (mi_name, mi_unit_price) VALUES ('spaghetti bolognaise', 18);  
-- SQLINES LICENSE FOR EVALUATION USE ONLY
INSERT INTO nqz_menu_item (mi_name, mi_unit_price) VALUES ('french fries', 5);  
-- SQLINES LICENSE FOR EVALUATION USE ONLY
INSERT INTO nqz_menu_item (mi_name, mi_unit_price) VALUES ('beef burger', 12);  
-- SQLINES LICENSE FOR EVALUATION USE ONLY
INSERT INTO nqz_menu_item (mi_name, mi_unit_price) VALUES ('hot dog', 10);  
-- SQLINES LICENSE FOR EVALUATION USE ONLY
INSERT INTO nqz_menu_item (mi_name, mi_unit_price) VALUES ('fridge magnet', 7);  
-- SQLINES LICENSE FOR EVALUATION USE ONLY
INSERT INTO nqz_menu_item (mi_name, mi_unit_price) VALUES ('postcard', 3);  
-- SQLINES LICENSE FOR EVALUATION USE ONLY
INSERT INTO nqz_menu_item (mi_name, mi_unit_price) VALUES ('baseball cap', 25);  
-- SQLINES LICENSE FOR EVALUATION USE ONLY
INSERT INTO nqz_menu_item (mi_name, mi_unit_price) VALUES ('cartoon hoodie', 35);  
-- SQLINES LICENSE FOR EVALUATION USE ONLY
INSERT INTO nqz_menu_item (mi_name, mi_unit_price) VALUES ('princess dress', 30);
 
-- SQLINES DEMO ***  nqz_category
-- SQLINES LICENSE FOR EVALUATION USE ONLY
INSERT INTO nqz_category (ctg_name) VALUES ('Food stall');  
-- SQLINES LICENSE FOR EVALUATION USE ONLY
INSERT INTO nqz_category (ctg_name) VALUES ('Ice cream parlor');  
-- SQLINES LICENSE FOR EVALUATION USE ONLY
INSERT INTO nqz_category (ctg_name) VALUES ('Restaurant');  
-- SQLINES LICENSE FOR EVALUATION USE ONLY
INSERT INTO nqz_category (ctg_name) VALUES ('Gift shop');  
-- SQLINES LICENSE FOR EVALUATION USE ONLY
INSERT INTO nqz_category (ctg_name) VALUES ('Apparels');
 
-- SQLINES DEMO *** nqz_store
-- SQLINES LICENSE FOR EVALUATION USE ONLY
INSERT INTO nqz_store (st_name, st_description, ctg_id) VALUES ('Food Train', 'Serve delicious and convenient meals', 4920);
-- SQLINES LICENSE FOR EVALUATION USE ONLY
INSERT INTO nqz_store (st_name, st_description, ctg_id) VALUES ('Fancy Food', 'Serve cute burgers and sides children love', 4920);  
-- SQLINES LICENSE FOR EVALUATION USE ONLY
INSERT INTO nqz_store (st_name, st_description, ctg_id) VALUES ('Magic Ice Cream', 'Serve ice creams with magic chocolate chips', 4921);  
-- SQLINES LICENSE FOR EVALUATION USE ONLY
INSERT INTO nqz_store (st_name, st_description, ctg_id) VALUES ('Ice Cream Shack', 'Serve various flavors of ice creams', 4921);  
-- SQLINES LICENSE FOR EVALUATION USE ONLY
INSERT INTO nqz_store (st_name, st_description, ctg_id) VALUES ('American Restaurant', 'Serve juicy steaks with sides', 4922);  
-- SQLINES LICENSE FOR EVALUATION USE ONLY
INSERT INTO nqz_store (st_name, st_description, ctg_id) VALUES ('Italian Restaurant', 'Serve traditional flavor of pasta', 4922);  
-- SQLINES LICENSE FOR EVALUATION USE ONLY
INSERT INTO nqz_store (st_name, st_description, ctg_id) VALUES ('Gift Center', 'Sell little exquisite souvenir', 4923);  
-- SQLINES LICENSE FOR EVALUATION USE ONLY
INSERT INTO nqz_store (st_name, st_description, ctg_id) VALUES ('Post Office', 'Sell representative postcards to mail', 4923);  
-- SQLINES LICENSE FOR EVALUATION USE ONLY
INSERT INTO nqz_store (st_name, st_description, ctg_id) VALUES ('Dressing World', 'Sell casual and characteristic clothing', 4924);
 
-- SQLINES DEMO ***  nqz_st_mi  
-- SQLINES LICENSE FOR EVALUATION USE ONLY
INSERT INTO nqz_st_mi  (st_id, mi_id) VALUES (23410, 3001);
-- SQLINES LICENSE FOR EVALUATION USE ONLY
INSERT INTO nqz_st_mi  (st_id, mi_id) VALUES (23410, 3002);
-- SQLINES LICENSE FOR EVALUATION USE ONLY
INSERT INTO nqz_st_mi  (st_id, mi_id) VALUES (23410, 3010);
-- SQLINES LICENSE FOR EVALUATION USE ONLY
INSERT INTO nqz_st_mi  (st_id, mi_id) VALUES (23411, 3001);
-- SQLINES LICENSE FOR EVALUATION USE ONLY
INSERT INTO nqz_st_mi  (st_id, mi_id) VALUES (23411, 3002);
-- SQLINES LICENSE FOR EVALUATION USE ONLY
INSERT INTO nqz_st_mi  (st_id, mi_id) VALUES (23411, 3008);
-- SQLINES LICENSE FOR EVALUATION USE ONLY
INSERT INTO nqz_st_mi  (st_id, mi_id) VALUES (23411, 3009);
-- SQLINES LICENSE FOR EVALUATION USE ONLY
INSERT INTO nqz_st_mi  (st_id, mi_id) VALUES (23412, 3003);
-- SQLINES LICENSE FOR EVALUATION USE ONLY
INSERT INTO nqz_st_mi  (st_id, mi_id) VALUES (23412, 3004);
-- SQLINES LICENSE FOR EVALUATION USE ONLY
INSERT INTO nqz_st_mi  (st_id, mi_id) VALUES (23413, 3003);
-- SQLINES LICENSE FOR EVALUATION USE ONLY
INSERT INTO nqz_st_mi  (st_id, mi_id) VALUES (23413, 3005);
-- SQLINES LICENSE FOR EVALUATION USE ONLY
INSERT INTO nqz_st_mi  (st_id, mi_id) VALUES (23414, 3006);
-- SQLINES LICENSE FOR EVALUATION USE ONLY
INSERT INTO nqz_st_mi  (st_id, mi_id) VALUES (23414, 3008);
-- SQLINES LICENSE FOR EVALUATION USE ONLY
INSERT INTO nqz_st_mi  (st_id, mi_id) VALUES (23415, 3007);
-- SQLINES LICENSE FOR EVALUATION USE ONLY
INSERT INTO nqz_st_mi  (st_id, mi_id) VALUES (23416, 3011);
-- SQLINES LICENSE FOR EVALUATION USE ONLY
INSERT INTO nqz_st_mi  (st_id, mi_id) VALUES (23416, 3013);
-- SQLINES LICENSE FOR EVALUATION USE ONLY
INSERT INTO nqz_st_mi  (st_id, mi_id) VALUES (23417, 3012);
-- SQLINES LICENSE FOR EVALUATION USE ONLY
INSERT INTO nqz_st_mi  (st_id, mi_id) VALUES (23418, 3013);
-- SQLINES LICENSE FOR EVALUATION USE ONLY
INSERT INTO nqz_st_mi  (st_id, mi_id) VALUES (23418, 3014);
-- SQLINES LICENSE FOR EVALUATION USE ONLY
INSERT INTO nqz_st_mi  (st_id, mi_id) VALUES (23418, 3015);
 
-- SQLINES DEMO ***  nqz_payment
-- nqz_ticket
-- SQLINES LICENSE FOR EVALUATION USE ONLY
INSERT INTO nqz_payment (pay_time, pay_amount, pay_method) VALUES (str_to_date( '2023-03-31 09:52:00' , '%Y-%m-%d %H:%i:%s' ), 85, 'CD');
-- SQLINES LICENSE FOR EVALUATION USE ONLY
INSERT INTO nqz_payment (pay_time, pay_amount, pay_method) VALUES (str_to_date( '2023-03-31 14:08:00' , '%Y-%m-%d %H:%i:%s' ), 95, 'CD');
-- SQLINES LICENSE FOR EVALUATION USE ONLY
INSERT INTO nqz_payment (pay_time, pay_amount, pay_method) VALUES (str_to_date( '2023-03-31 21:16:00' , '%Y-%m-%d %H:%i:%s' ), 80, 'CD');
-- SQLINES LICENSE FOR EVALUATION USE ONLY
INSERT INTO nqz_payment (pay_time, pay_amount, pay_method) VALUES (str_to_date( '2023-01-18 10:09:00' , '%Y-%m-%d %H:%i:%s' ), 85, 'CA');
-- SQLINES LICENSE FOR EVALUATION USE ONLY
INSERT INTO nqz_payment (pay_time, pay_amount, pay_method) VALUES (str_to_date( '2023-02-23 11:10:00' , '%Y-%m-%d %H:%i:%s' ), 70, 'CA');
-- SQLINES LICENSE FOR EVALUATION USE ONLY
INSERT INTO nqz_payment (pay_time, pay_amount, pay_method) VALUES (str_to_date( '2023-02-28 12:06:00' , '%Y-%m-%d %H:%i:%s' ), 100, 'CA');
-- SQLINES LICENSE FOR EVALUATION USE ONLY
INSERT INTO nqz_payment (pay_time, pay_amount, pay_method) VALUES (str_to_date( '2023-01-01 10:17:00' , '%Y-%m-%d %H:%i:%s' ), 100, 'CA');
-- SQLINES LICENSE FOR EVALUATION USE ONLY
INSERT INTO nqz_payment (pay_time, pay_amount, pay_method) VALUES (str_to_date( '2023-01-31 11:19:00' , '%Y-%m-%d %H:%i:%s' ), 90, 'CD');
-- nqz_parking
-- SQLINES LICENSE FOR EVALUATION USE ONLY
INSERT INTO nqz_payment (pay_time, pay_amount, pay_method) VALUES (str_to_date( '2023-01-18 17:20:00' , '%Y-%m-%d %H:%i:%s' ), 68, 'CA');
-- SQLINES LICENSE FOR EVALUATION USE ONLY
INSERT INTO nqz_payment (pay_time, pay_amount, pay_method) VALUES (str_to_date( '2023-02-23 15:20:00' , '%Y-%m-%d %H:%i:%s' ), 38, 'CA');
-- SQLINES LICENSE FOR EVALUATION USE ONLY
INSERT INTO nqz_payment (pay_time, pay_amount, pay_method) VALUES (str_to_date( '2023-02-28 16:20:00' , '%Y-%m-%d %H:%i:%s' ), 57, 'CA');
-- SQLINES LICENSE FOR EVALUATION USE ONLY
INSERT INTO nqz_payment (pay_time, pay_amount, pay_method) VALUES (str_to_date( '2023-01-01 18:00:00' , '%Y-%m-%d %H:%i:%s' ), 73, 'CA');
-- SQLINES LICENSE FOR EVALUATION USE ONLY
INSERT INTO nqz_payment (pay_time, pay_amount, pay_method) VALUES (str_to_date( '2023-01-31 16:00:00' , '%Y-%m-%d %H:%i:%s' ), 65, 'CA');
-- nqz_show
-- SQLINES LICENSE FOR EVALUATION USE ONLY
INSERT INTO nqz_payment (pay_time, pay_amount, pay_method) VALUES (str_to_date( '2023-01-18 09:40:00' , '%Y-%m-%d %H:%i:%s' ), 20, 'CA');
-- SQLINES LICENSE FOR EVALUATION USE ONLY
INSERT INTO nqz_payment (pay_time, pay_amount, pay_method) VALUES (str_to_date( '2023-02-28 14:00:00' , '%Y-%m-%d %H:%i:%s' ), 25, 'CA');
-- SQLINES LICENSE FOR EVALUATION USE ONLY
INSERT INTO nqz_payment (pay_time, pay_amount, pay_method) VALUES (str_to_date( '2023-01-01 17:40:00' , '%Y-%m-%d %H:%i:%s' ), 15, 'CD');
-- nqz_store
-- SQLINES LICENSE FOR EVALUATION USE ONLY
INSERT INTO nqz_payment (pay_time, pay_amount, pay_method) VALUES (str_to_date( '2023-01-18 13:37:00' , '%Y-%m-%d %H:%i:%s' ), 23, 'CD');
-- SQLINES LICENSE FOR EVALUATION USE ONLY
INSERT INTO nqz_payment (pay_time, pay_amount, pay_method) VALUES (str_to_date( '2023-02-23 12:40:00' , '%Y-%m-%d %H:%i:%s' ), 10, 'CA');
-- SQLINES LICENSE FOR EVALUATION USE ONLY
INSERT INTO nqz_payment (pay_time, pay_amount, pay_method) VALUES (str_to_date( '2023-02-28 15:18:00' , '%Y-%m-%d %H:%i:%s' ), 21, 'CA');
-- SQLINES LICENSE FOR EVALUATION USE ONLY
INSERT INTO nqz_payment (pay_time, pay_amount, pay_method) VALUES (str_to_date( '2023-01-31 13:25:00' , '%Y-%m-%d %H:%i:%s' ), 70, 'CA');
 
-- SQLINES DEMO ***  nqz_cash
-- SQLINES LICENSE FOR EVALUATION USE ONLY
INSERT INTO nqz_cash (pay_id, ca_change) VALUES (10083, 5);
-- SQLINES LICENSE FOR EVALUATION USE ONLY
INSERT INTO nqz_cash (pay_id, ca_change) VALUES (10084, 30);
-- SQLINES LICENSE FOR EVALUATION USE ONLY
INSERT INTO nqz_cash (pay_id, ca_change) VALUES (10085, 0);
-- SQLINES LICENSE FOR EVALUATION USE ONLY
INSERT INTO nqz_cash (pay_id, ca_change) VALUES (10086, 0);
-- SQLINES LICENSE FOR EVALUATION USE ONLY
INSERT INTO nqz_cash (pay_id, ca_change) VALUES (10088, 10);
-- SQLINES LICENSE FOR EVALUATION USE ONLY
INSERT INTO nqz_cash (pay_id, ca_change) VALUES (10089, 0);
-- SQLINES LICENSE FOR EVALUATION USE ONLY
INSERT INTO nqz_cash (pay_id, ca_change) VALUES (10090, 10);
-- SQLINES LICENSE FOR EVALUATION USE ONLY
INSERT INTO nqz_cash (pay_id, ca_change) VALUES (10091, 0);
-- SQLINES LICENSE FOR EVALUATION USE ONLY
INSERT INTO nqz_cash (pay_id, ca_change) VALUES (10092, 5);
-- SQLINES LICENSE FOR EVALUATION USE ONLY
INSERT INTO nqz_cash (pay_id, ca_change) VALUES (10093, 0);
-- SQLINES LICENSE FOR EVALUATION USE ONLY
INSERT INTO nqz_cash (pay_id, ca_change) VALUES (10094, 5);
-- SQLINES LICENSE FOR EVALUATION USE ONLY
INSERT INTO nqz_cash (pay_id, ca_change) VALUES (10097, 0);
-- SQLINES LICENSE FOR EVALUATION USE ONLY
INSERT INTO nqz_cash (pay_id, ca_change) VALUES (10098, 9);
-- SQLINES LICENSE FOR EVALUATION USE ONLY
INSERT INTO nqz_cash (pay_id, ca_change) VALUES (10099, 0);
 
-- SQLINES DEMO ***  nqz_credit_debit
-- SQLINES LICENSE FOR EVALUATION USE ONLY
INSERT INTO nqz_credit_debit (pay_id, cd_name, cd_num, cd_exdate, cd_cvv, cd_credit) VALUES (10080, 'Michael Smith', '4347529026385220', str_to_date( '2025-02-10' , '%Y-%m-%d' ), '057', '1');
-- SQLINES LICENSE FOR EVALUATION USE ONLY
INSERT INTO nqz_credit_debit (pay_id, cd_name, cd_num, cd_exdate, cd_cvv, cd_credit) VALUES (10081, 'Richard Brown', '4347529026385231', str_to_date( '2025-03-17' , '%Y-%m-%d' ), '037', '0');
-- SQLINES LICENSE FOR EVALUATION USE ONLY
INSERT INTO nqz_credit_debit (pay_id, cd_name, cd_num, cd_exdate, cd_cvv, cd_credit) VALUES (10082, 'Steven Johnson', '4347529026385242', str_to_date( '2025-04-28' , '%Y-%m-%d' ), '098', '1');
-- SQLINES LICENSE FOR EVALUATION USE ONLY
INSERT INTO nqz_credit_debit (pay_id, cd_name, cd_num, cd_exdate, cd_cvv, cd_credit) VALUES (10087, 'Michael Smith', '4347529026385220', str_to_date( '2025-02-10' , '%Y-%m-%d' ), '057', '1');
-- SQLINES LICENSE FOR EVALUATION USE ONLY
INSERT INTO nqz_credit_debit (pay_id, cd_name, cd_num, cd_exdate, cd_cvv, cd_credit) VALUES (10095, 'Earl Bennett', '4347529026385253', str_to_date( '2025-05-09' , '%Y-%m-%d' ), '091', '0');
-- SQLINES LICENSE FOR EVALUATION USE ONLY
INSERT INTO nqz_credit_debit (pay_id, cd_name, cd_num, cd_exdate, cd_cvv, cd_credit) VALUES (10096, 'Steven Johnson', '4347529026385242', str_to_date( '2025-04-28' , '%Y-%m-%d' ), '098', '1');
 
-- SQLINES DEMO ***  nqz_order
-- nqz_ticket
-- SQLINES LICENSE FOR EVALUATION USE ONLY
INSERT INTO nqz_order (o_date, o_quantity, o_amount, pay_id, v_id, sh_id, st_id, mi_id, park_id, tkt_id)
VALUES (str_to_date( '2023-03-31' , '%Y-%m-%d' ), 1, 0, 10080, 11211, null, null, null, null, 41220);
-- SQLINES LICENSE FOR EVALUATION USE ONLY
INSERT INTO nqz_order (o_date, o_quantity, o_amount, pay_id, v_id, sh_id, st_id, mi_id, park_id, tkt_id)
VALUES (str_to_date( '2023-03-31' , '%Y-%m-%d' ), 1, 0, 10081, 11212, null, null, null, null, 41221);
-- SQLINES LICENSE FOR EVALUATION USE ONLY
INSERT INTO nqz_order (o_date, o_quantity, o_amount, pay_id, v_id, sh_id, st_id, mi_id, park_id, tkt_id)
VALUES (str_to_date( '2023-03-31' , '%Y-%m-%d' ), 1, 0, null, 11217, null, null, null, null, 41222);
-- SQLINES LICENSE FOR EVALUATION USE ONLY
INSERT INTO nqz_order (o_date, o_quantity, o_amount, pay_id, v_id, sh_id, st_id, mi_id, park_id, tkt_id)
VALUES (str_to_date( '2023-03-31' , '%Y-%m-%d' ), 1, 0, null, 11216, null, null, null, null, 41223);
-- SQLINES LICENSE FOR EVALUATION USE ONLY
INSERT INTO nqz_order (o_date, o_quantity, o_amount, pay_id, v_id, sh_id, st_id, mi_id, park_id, tkt_id)
VALUES (str_to_date( '2023-03-31' , '%Y-%m-%d' ), 1, 0, null, 11218, null, null, null, null, 41224);
-- SQLINES LICENSE FOR EVALUATION USE ONLY
INSERT INTO nqz_order (o_date, o_quantity, o_amount, pay_id, v_id, sh_id, st_id, mi_id, park_id, tkt_id)
VALUES (str_to_date( '2023-03-31' , '%Y-%m-%d' ), 1, 0, null, 11219, null, null, null, null, 41225);
-- SQLINES LICENSE FOR EVALUATION USE ONLY
INSERT INTO nqz_order (o_date, o_quantity, o_amount, pay_id, v_id, sh_id, st_id, mi_id, park_id, tkt_id)
VALUES (str_to_date( '2023-03-31' , '%Y-%m-%d' ), 1, 0, 10082, 11215, null, null, null, null, 41226);
-- SQLINES LICENSE FOR EVALUATION USE ONLY
INSERT INTO nqz_order (o_date, o_quantity, o_amount, pay_id, v_id, sh_id, st_id, mi_id, park_id, tkt_id)
VALUES (str_to_date( '2023-03-31' , '%Y-%m-%d' ), 1, 0, null, 11221, null, null, null, null, 41227);
-- SQLINES LICENSE FOR EVALUATION USE ONLY
INSERT INTO nqz_order (o_date, o_quantity, o_amount, pay_id, v_id, sh_id, st_id, mi_id, park_id, tkt_id)
VALUES (str_to_date( '2023-03-31' , '%Y-%m-%d' ), 1, 0, null, 11222, null, null, null, null, 41228);
-- SQLINES LICENSE FOR EVALUATION USE ONLY
INSERT INTO nqz_order (o_date, o_quantity, o_amount, pay_id, v_id, sh_id, st_id, mi_id, park_id, tkt_id)
VALUES (str_to_date( '2023-01-18' , '%Y-%m-%d' ), 1, 0, 10083, 11215, null, null, null, null, 41229);
-- SQLINES LICENSE FOR EVALUATION USE ONLY
INSERT INTO nqz_order (o_date, o_quantity, o_amount, pay_id, v_id, sh_id, st_id, mi_id, park_id, tkt_id)
VALUES (str_to_date( '2023-02-23' , '%Y-%m-%d' ), 1, 0, 10084, 11220, null, null, null, null, 41230);
-- SQLINES LICENSE FOR EVALUATION USE ONLY
INSERT INTO nqz_order (o_date, o_quantity, o_amount, pay_id, v_id, sh_id, st_id, mi_id, park_id, tkt_id)
VALUES (str_to_date( '2023-02-28' , '%Y-%m-%d' ), 1, 0, 10085, 11222, null, null, null, null, 41231);
-- SQLINES LICENSE FOR EVALUATION USE ONLY
INSERT INTO nqz_order (o_date, o_quantity, o_amount, pay_id, v_id, sh_id, st_id, mi_id, park_id, tkt_id)
VALUES (str_to_date( '2023-01-01' , '%Y-%m-%d' ), 1, 0, 10086, 11222, null, null, null, null, 41232);
-- SQLINES LICENSE FOR EVALUATION USE ONLY
INSERT INTO nqz_order (o_date, o_quantity, o_amount, pay_id, v_id, sh_id, st_id, mi_id, park_id, tkt_id)
VALUES (str_to_date( '2023-01-31' , '%Y-%m-%d' ), 1, 0, 10087, 11211, null, null, null, null, 41233);
-- nqz_parking
-- SQLINES LICENSE FOR EVALUATION USE ONLY
INSERT INTO nqz_order (o_date, o_quantity, o_amount, pay_id, v_id, sh_id, st_id, mi_id, park_id, tkt_id)
VALUES (str_to_date( '2023-01-18' , '%Y-%m-%d' ), 1, 0, 10088, 11215, null, null, null, 72500, null);
-- SQLINES LICENSE FOR EVALUATION USE ONLY
INSERT INTO nqz_order (o_date, o_quantity, o_amount, pay_id, v_id, sh_id, st_id, mi_id, park_id, tkt_id)
VALUES (str_to_date( '2023-02-23' , '%Y-%m-%d' ), 1, 0, 10089, 11220, null, null, null, 72501, null);
-- SQLINES LICENSE FOR EVALUATION USE ONLY
INSERT INTO nqz_order (o_date, o_quantity, o_amount, pay_id, v_id, sh_id, st_id, mi_id, park_id, tkt_id)
VALUES (str_to_date( '2023-02-28' , '%Y-%m-%d' ), 1, 0, 10090, 11222, null, null, null, 72502, null);
-- SQLINES LICENSE FOR EVALUATION USE ONLY
INSERT INTO nqz_order (o_date, o_quantity, o_amount, pay_id, v_id, sh_id, st_id, mi_id, park_id, tkt_id)
VALUES (str_to_date( '2023-01-01' , '%Y-%m-%d' ), 1, 0, 10091, 11222, null, null, null, 72503, null);
-- SQLINES LICENSE FOR EVALUATION USE ONLY
INSERT INTO nqz_order (o_date, o_quantity, o_amount, pay_id, v_id, sh_id, st_id, mi_id, park_id, tkt_id)
VALUES (str_to_date( '2023-01-31' , '%Y-%m-%d' ), 1, 0, 10092, 11211, null, null, null, 72504, null);
-- nqz_show
-- SQLINES LICENSE FOR EVALUATION USE ONLY
INSERT INTO nqz_order (o_date, o_quantity, o_amount, pay_id, v_id, sh_id, st_id, mi_id, park_id, tkt_id)
VALUES (str_to_date( '2023-01-18' , '%Y-%m-%d' ), 1, 0, 10093, 11215, 59802, null, null, null, null);
-- SQLINES LICENSE FOR EVALUATION USE ONLY
INSERT INTO nqz_order (o_date, o_quantity, o_amount, pay_id, v_id, sh_id, st_id, mi_id, park_id, tkt_id)
VALUES (str_to_date( '2023-02-28' , '%Y-%m-%d' ), 1, 0, 10094, 11222, 59806, null, null, null, null);
-- SQLINES LICENSE FOR EVALUATION USE ONLY
INSERT INTO nqz_order (o_date, o_quantity, o_amount, pay_id, v_id, sh_id, st_id, mi_id, park_id, tkt_id)
VALUES (str_to_date( '2023-01-01' , '%Y-%m-%d' ), 1, 0, 10095, 11222, 59810, null, null, null, null);
-- nqz_store
-- SQLINES LICENSE FOR EVALUATION USE ONLY
INSERT INTO nqz_order (o_date, o_quantity, o_amount, pay_id, v_id, sh_id, st_id, mi_id, park_id, tkt_id)
VALUES (str_to_date( '2023-01-18' , '%Y-%m-%d' ), 1, 0, 10096, 11215, null, 23414, 3008, null, null);
-- SQLINES LICENSE FOR EVALUATION USE ONLY
INSERT INTO nqz_order (o_date, o_quantity, o_amount, pay_id, v_id, sh_id, st_id, mi_id, park_id, tkt_id)
VALUES (str_to_date( '2023-01-18' , '%Y-%m-%d' ), 1, 0, 10096, 11215, null, 23414, 3006, null, null);
-- SQLINES LICENSE FOR EVALUATION USE ONLY
INSERT INTO nqz_order (o_date, o_quantity, o_amount, pay_id, v_id, sh_id, st_id, mi_id, park_id, tkt_id)
VALUES (str_to_date( '2023-02-23' , '%Y-%m-%d' ), 1, 0, 10097, 11220, null, 23410, 3010, null, null);
-- SQLINES LICENSE FOR EVALUATION USE ONLY
INSERT INTO nqz_order (o_date, o_quantity, o_amount, pay_id, v_id, sh_id, st_id, mi_id, park_id, tkt_id)
VALUES (str_to_date( '2023-02-28' , '%Y-%m-%d' ), 3, 0, 10098, 11222, null, 23416, 3011, null, null);
-- SQLINES LICENSE FOR EVALUATION USE ONLY
INSERT INTO nqz_order (o_date, o_quantity, o_amount, pay_id, v_id, sh_id, st_id, mi_id, park_id, tkt_id)
VALUES (str_to_date( '2023-01-31' , '%Y-%m-%d' ), 2, 0, 10099, 11211, null, 23418, 3014, null, null);
